{"Loss": 1384.429443359375, "_runtime": 77, "_timestamp": 1631213397, "_step": 699, "Img/479.jpg": {"_type": "image-file", "path": "media/images/Img/479.jpg_694_48a2eeefdc448c01fb83.png", "sha256": "48a2eeefdc448c01fb837abca8b3af4453755eeba2134755a2f2e51f61b3eeff", "size": 6967, "format": "png", "width": 864, "height": 432}, "Img/650.jpg": {"_type": "image-file", "path": "media/images/Img/650.jpg_695_48a2eeefdc448c01fb83.png", "sha256": "48a2eeefdc448c01fb837abca8b3af4453755eeba2134755a2f2e51f61b3eeff", "size": 6967, "format": "png", "width": 864, "height": 432}, "Img/236.jpg": {"_type": "image-file", "path": "media/images/Img/236.jpg_696_48a2eeefdc448c01fb83.png", "sha256": "48a2eeefdc448c01fb837abca8b3af4453755eeba2134755a2f2e51f61b3eeff", "size": 6967, "format": "png", "width": 864, "height": 432}, "Img/690.jpg": {"_type": "image-file", "path": "media/images/Img/690.jpg_697_48a2eeefdc448c01fb83.png", "sha256": "48a2eeefdc448c01fb837abca8b3af4453755eeba2134755a2f2e51f61b3eeff", "size": 6967, "format": "png", "width": 864, "height": 432}, "Img/277.jpg": {"_type": "image-file", "path": "media/images/Img/277.jpg_698_48a2eeefdc448c01fb83.png", "sha256": "48a2eeefdc448c01fb837abca8b3af4453755eeba2134755a2f2e51f61b3eeff", "size": 6967, "format": "png", "width": 864, "height": 432}, "Img/859.jpg": {"_type": "image-file", "path": "media/images/Img/859.jpg_699_48a2eeefdc448c01fb83.png", "sha256": "48a2eeefdc448c01fb837abca8b3af4453755eeba2134755a2f2e51f61b3eeff", "size": 6967, "format": "png", "width": 864, "height": 432}, "_wandb": {"runtime": 76}}